Country,Satisfaction with financial situation,Job satisfaction,Satisfaction with commuting time,Satisfaction with time use,Overall life satisfaction,Satisfaction with recreational and green areas,Satisfaction with living environment,Satisfaction with personal relationships,Meaning of life
European Union,6,7.1,7.4,6.7,7,7.1,7.3,7.8,7.4
Belgium,6.9,7.5,7.6,7.1,7.6,7.3,7.6,7.7,7.6
Bulgaria,3.7,6,5.9,5.7,4.8,5.2,5.2,5.7,6.1
Czechia,6,7.4,7.5,6.7,6.9,7.5,7.5,8.1,7.6
Denmark,7.6,8.1,8.3,7.8,8,8.3,8.2,8.5,8.2
Germany,6.3,6.9,7.5,6.5,7.3,7.6,7.7,7.8,7.4
Estonia,5.4,7.3,7.4,6.7,6.5,7,6.8,7.6,7.5
Ireland,5.5,7.2,8,6.9,7.4,7.5,8,8.6,7.8
Greece,4.3,6.1,6.5,6.1,6.2,5.9,6.2,7,6.6
Spain,5.8,6.9,7.1,6.6,6.9,6.6,7.2,7.8,7.5
France,6.4,7.2,7.5,6.9,7.1,7.2,7.6,7.8,7.1
Croatia,4.6,7,7.2,6.6,6.3,5.8,6.3,7.3,7
Italy,5.7,7,7,6.4,6.7,6.1,6,7.3,7.3
Cyprus,5.2,7.2,7.3,6.7,6.2,5.9,6,8,7.2
Latvia,5,7.3,7.2,7.1,6.5,7.5,7.2,8.1,7.4
Lithuania,5.8,7.5,7.7,6.8,6.7,7.4,7.8,8,7.4
Luxembourg,6.9,7.5,7.7,7.2,7.5,7.8,7.8,8,8.1
Hungary,5.2,7.1,7.1,6.3,6.1,6.2,6.5,7.6,7
Malta,6,7.5,6.6,6.6,7.1,6.6,7.1,8.4,8
Netherlands,7.4,7.7,8,7.5,7.8,8.1,8,8.2,7.7
Austria,7,8,8,7.3,7.8,8.3,8.4,8.5,7.9
Poland,5.7,7.3,7.5,6.8,7.3,7.5,7.6,8,7.6
Portugal,4.5,7,7.5,6.5,6.2,6,6.3,7.9,7.5
Romania,6.2,7,7.1,6.8,7.1,7,7.4,7.6,7.3
Slovenia,5.6,7.3,7.8,6.8,7,7.9,7.7,8.3,7.9
Slovakia,5.5,7.2,7.3,6.9,7,6.8,6.9,7.9,7.5
Finland,7.5,8.1,8.2,7.7,8,8.3,7.8,8.3,8
Sweden,7.5,7.7,7.9,7.4,7.9,8.4,7.6,8.3,7.8
United Kingdom,6.2,7,7.5,6.9,7.3,7.6,7.8,8.3,7.7
Iceland,6.4,8,8.2,7.4,7.9,8,7.5,8.1,8.3
Norway,7.5,8,8.2,7.2,7.9,8.5,8.3,8.4,8
Switzerland,7.6,7.9,8.2,7,8,8.4,7.9,8.7,7.9
Serbia,4,6,6.7,6.2,4.9,5.4,5,8.2,7
Turkey,4.9,6.1,6.4,5.6,5.7,5.8,6.2,7.4,6.4
